<?xml version="1.0" encoding="UTF-8"?>

        <Configuration status="info">


    -<Properties>

    <property name="LOG_DIR">logs</property>

    <property name="pattern_file">%d{yyyy-MM-dd HH:mm:ss} [%t] %-5level %logger{5} - %msg%n</property>

    <property name="pattern_console">%d{yyyy-MM-dd} %-5level %logger{1} - %msg%n </property>

</Properties>

    <ThresholdFilter level="trace"/>


    -<Appenders>


    -<Console name="Console" target="SYSTEM_OUT">

    <PatternLayout pattern="${pattern_console}"/>

</Console>


    -<File name="File" append="true" fileName="logs/log.txt">

    <PatternLayout pattern="${pattern_file}"/>

</File>

</Appenders>


    -<Loggers>


    -<Root level="INFO">

    <AppenderRef ref="File"/>

    <AppenderRef ref="Console"/>

</Root>

</Loggers>

</Configuration>